Letter,Count All,Count Uppercase,Percentage Uppercase
a,20,3,15.0
b,3,0,0
c,6,0,0
d,9,3,33.33333333333333
e,20,0,0
f,6,1,16.666666666666664
g,1,0,0
h,1,0,0
i,12,0,0
k,3,0,0
l,10,0,0
m,11,6,54.54545454545454
n,16,7,43.75
o,15,0,0
p,9,3,33.33333333333333
r,11,2,18.181818181818183
s,16,0,0
t,19,1,5.263157894736842
u,7,0,0
v,2,0,0
w,7,0,0
x,1,0,0
y,6,0,0
