Letter,Count All,Count Uppercase,Percentage Uppercase
a,47,8,17.02127659574468
b,8,0,0
c,28,0,0
d,25,1,4.0
e,84,6,7.142857142857142
f,25,1,4.0
g,1,0,0
h,7,0,0
i,45,0,0
j,6,6,100.0
k,5,0,0
l,39,0,0
m,38,6,15.789473684210526
n,42,17,40.476190476190474
o,37,0,0
p,24,5,20.833333333333336
r,50,11,22.0
s,42,0,0
t,38,6,15.789473684210526
u,15,0,0
v,4,0,0
w,17,0,0
x,12,0,0
y,11,0,0
