Letter,Count All,Count Uppercase,Percentage Uppercase
a,56,7,12.5
b,16,6,37.5
c,25,0,0
d,31,10,32.25806451612903
e,78,2,2.564102564102564
f,21,1,4.761904761904762
g,5,0,0
h,4,0,0
i,43,0,0
j,2,2,100.0
k,9,0,0
l,37,0,0
m,30,10,33.33333333333333
n,46,16,34.78260869565217
o,34,0,0
p,26,7,26.923076923076923
r,41,9,21.951219512195124
s,55,2,3.6363636363636362
t,57,10,17.543859649122805
u,19,0,0
v,7,1,14.285714285714285
w,15,0,0
x,5,0,0
y,11,0,0
